company_name,base_url,people_url,source,is_teamtailor,has_people_page,checked_at
PhantomBuster,https://careers.phantombuster.com,https://careers.phantombuster.com/people,seed,True,True,2026-04-01 11:04 UTC
Acast,https://careers.acast.com,https://careers.acast.com/people,seed,True,True,2026-04-01 11:04 UTC
Quinyx,https://careers.quinyx.com,https://careers.quinyx.com/people,seed,True,True,2026-04-01 11:04 UTC
Detectify,https://careers.detectify.com,https://careers.detectify.com/people,seed,True,True,2026-04-01 11:04 UTC
Funnel.io,https://careers.funnel.io,,seed,False,False,2026-04-01 11:04 UTC
Epidemic Sound,https://careers.epidemicsound.com,,seed,False,False,2026-04-01 11:04 UTC
Hemnet,https://careers.hemnet.se,,seed,False,False,2026-04-01 11:04 UTC
Cint,https://careers.cint.com,,seed,False,False,2026-04-01 11:04 UTC
Mentimeter,https://careers.mentimeter.com,,seed,False,False,2026-04-01 11:04 UTC
Kry,https://careers.kry.se,,seed,False,False,2026-04-01 11:04 UTC
Einride,https://careers.einride.com,,seed,False,False,2026-04-01 11:04 UTC
Anyfin,https://careers.anyfin.com,,seed,False,False,2026-04-01 11:04 UTC
Heianordnorge,https://heianordnorge.teamtailor.com,https://heianordnorge.teamtailor.com/people,commoncrawl,True,True,2026-04-01 11:04 UTC
Biotwin,https://biotwin.teamtailor.com,,commoncrawl,False,False,2026-04-01 11:04 UTC
Groupediverty 1729161459,https://groupediverty-1729161459.teamtailor.com,https://groupediverty-1729161459.teamtailor.com/people,commoncrawl,True,True,2026-04-01 11:04 UTC
Minviro 1668590239,https://minviro-1668590239.teamtailor.com,,commoncrawl,False,False,2026-04-01 11:04 UTC
Producthackers,https://producthackers.teamtailor.com,https://producthackers.teamtailor.com/people,commoncrawl,True,True,2026-04-01 11:04 UTC
Pkfsmithcooper,https://pkfsmithcooper.teamtailor.com,https://pkfsmithcooper.teamtailor.com/people,commoncrawl,True,True,2026-04-01 11:04 UTC
Gigglebug,https://gigglebug.teamtailor.com,https://gigglebug.teamtailor.com/people,commoncrawl,True,True,2026-04-01 11:04 UTC
Skippo,https://skippo.teamtailor.com,https://skippo.teamtailor.com/people,commoncrawl,True,True,2026-04-01 11:04 UTC
Dabble,https://dabble.teamtailor.com,,commoncrawl,True,False,2026-04-01 11:04 UTC
Equiomgroup,https://equiomgroup.teamtailor.com,,commoncrawl,True,False,2026-04-01 11:04 UTC
Fitflop 1706800191,https://fitflop-1706800191.teamtailor.com,https://fitflop-1706800191.teamtailor.com/people,commoncrawl,True,True,2026-04-01 11:04 UTC
Adelagruppen 1680154387,https://adelagruppen-1680154387.teamtailor.com,https://adelagruppen-1680154387.teamtailor.com/people,commoncrawl,True,True,2026-04-01 11:04 UTC
Camagruppen,https://camagruppen.teamtailor.com,https://camagruppen.teamtailor.com/people,commoncrawl,True,True,2026-04-01 11:04 UTC
Catalystonesolutionsas,https://catalystonesolutionsas.teamtailor.com,https://catalystonesolutionsas.teamtailor.com/people,commoncrawl,True,True,2026-04-01 11:04 UTC
Berlingmediagroup,https://berlingmediagroup.teamtailor.com,https://berlingmediagroup.teamtailor.com/people,commoncrawl,True,True,2026-04-01 11:04 UTC
Tiptapp,https://tiptapp.teamtailor.com,https://tiptapp.teamtailor.com/people,commoncrawl,True,True,2026-04-01 11:04 UTC
Busuu,https://busuu.teamtailor.com,,commoncrawl,True,False,2026-04-01 11:04 UTC
Ofmstudios,https://ofmstudios.teamtailor.com,https://ofmstudios.teamtailor.com/people,commoncrawl,True,True,2026-04-01 11:04 UTC
Above,https://above.teamtailor.com,https://above.teamtailor.com/people,commoncrawl,True,True,2026-04-01 11:04 UTC
Testforadeo,https://testforadeo.teamtailor.com,https://testforadeo.teamtailor.com/people,commoncrawl,True,True,2026-04-01 11:04 UTC
Therapieland,https://therapieland.teamtailor.com,https://therapieland.teamtailor.com/people,commoncrawl,True,True,2026-04-01 11:04 UTC
Warnestadgruppen,https://warnestadgruppen.teamtailor.com,https://warnestadgruppen.teamtailor.com/people,commoncrawl,True,True,2026-04-01 11:04 UTC
Mantena,https://mantena.teamtailor.com,https://mantena.teamtailor.com/people,commoncrawl,True,True,2026-04-01 11:04 UTC
Epic,https://epic.teamtailor.com,,commoncrawl,False,False,2026-04-01 11:04 UTC
Academee,https://academee.teamtailor.com,https://academee.teamtailor.com/people,commoncrawl,True,True,2026-04-01 11:04 UTC
Scaniabemanning,https://scaniabemanning.teamtailor.com,https://scaniabemanning.teamtailor.com/people,commoncrawl,True,True,2026-04-01 11:04 UTC
Eskersoftwaregmbh,https://eskersoftwaregmbh.teamtailor.com,https://eskersoftwaregmbh.teamtailor.com/people,commoncrawl,True,True,2026-04-01 11:04 UTC
Melbyeskandinavia,https://melbyeskandinavia.teamtailor.com,https://melbyeskandinavia.teamtailor.com/people,commoncrawl,True,True,2026-04-01 11:04 UTC
Xamera,https://xamera.teamtailor.com,https://xamera.teamtailor.com/people,commoncrawl,True,True,2026-04-01 11:04 UTC
Sebembedded,https://sebembedded.teamtailor.com,https://sebembedded.teamtailor.com/people,commoncrawl,True,True,2026-04-01 11:04 UTC
Dfdsprofessionals,https://dfdsprofessionals.teamtailor.com,https://dfdsprofessionals.teamtailor.com/people,commoncrawl,True,True,2026-04-01 11:04 UTC
Unikum,https://unikum.teamtailor.com,https://unikum.teamtailor.com/people,commoncrawl,True,True,2026-04-01 11:04 UTC
Everymatrix,https://everymatrix.teamtailor.com,https://everymatrix.teamtailor.com/people,commoncrawl,True,True,2026-04-01 11:04 UTC
Fightclub,https://fightclub.teamtailor.com,https://fightclub.teamtailor.com/people,commoncrawl,True,True,2026-04-01 11:04 UTC
Novicap,https://novicap.teamtailor.com,,commoncrawl,False,False,2026-04-01 11:04 UTC
Perceptio,https://perceptio.teamtailor.com,https://perceptio.teamtailor.com/people,commoncrawl,True,True,2026-04-01 11:04 UTC
Infratec,https://infratec.teamtailor.com,https://infratec.teamtailor.com/people,commoncrawl,True,True,2026-04-01 11:04 UTC
Operanorway,https://operanorway.teamtailor.com,,commoncrawl,True,False,2026-04-01 11:04 UTC
Elevatepeople,https://elevatepeople.teamtailor.com,,commoncrawl,,,2026-04-01 11:04 UTC
Tosibox,https://tosibox.teamtailor.com,,commoncrawl,,,2026-04-01 11:04 UTC
Celebrus,https://celebrus.teamtailor.com,,commoncrawl,,,2026-04-01 11:04 UTC
Clickboat,https://clickboat.teamtailor.com,,commoncrawl,,,2026-04-01 11:04 UTC
Tricountyhs,https://tricountyhs.teamtailor.com,,commoncrawl,,,2026-04-01 11:04 UTC
Nordicseafarm,https://nordicseafarm.teamtailor.com,,commoncrawl,,,2026-04-01 11:04 UTC
Energiforetagensverige,https://energiforetagensverige.teamtailor.com,,commoncrawl,,,2026-04-01 11:04 UTC
6Waves,https://6waves.teamtailor.com,,commoncrawl,,,2026-04-01 11:04 UTC
Techseed,https://techseed.teamtailor.com,,commoncrawl,,,2026-04-01 11:04 UTC
Hakonensolutionsoy,https://hakonensolutionsoy.teamtailor.com,,commoncrawl,,,2026-04-01 11:04 UTC
Vismasoftwareinternationalas,https://vismasoftwareinternationalas.teamtailor.com,,commoncrawl,,,2026-04-01 11:04 UTC
Gravityglobal,https://gravityglobal.teamtailor.com,,commoncrawl,,,2026-04-01 11:04 UTC
Bricocenteritalia,https://bricocenteritalia.teamtailor.com,,commoncrawl,,,2026-04-01 11:04 UTC
Innoplate 1672822548,https://innoplate-1672822548.teamtailor.com,,commoncrawl,,,2026-04-01 11:04 UTC
Fenarc,https://fenarc.teamtailor.com,,commoncrawl,,,2026-04-01 11:04 UTC
Proastri,https://proastri.teamtailor.com,,commoncrawl,,,2026-04-01 11:04 UTC
Envoi,https://envoi.teamtailor.com,,commoncrawl,,,2026-04-01 11:04 UTC
Fitxr 1642768457,https://fitxr-1642768457.teamtailor.com,,commoncrawl,,,2026-04-01 11:04 UTC
Multiloginnew,https://multiloginnew.teamtailor.com,,commoncrawl,,,2026-04-01 11:04 UTC
Mdpicanada,https://mdpicanada.teamtailor.com,,commoncrawl,,,2026-04-01 11:04 UTC
Nottinghamforestcommunitytrust,https://nottinghamforestcommunitytrust.teamtailor.com,,commoncrawl,,,2026-04-01 11:04 UTC
Teamblueslovakia,https://teamblueslovakia.teamtailor.com,,commoncrawl,,,2026-04-01 11:04 UTC
Valsea,https://valsea.teamtailor.com,,commoncrawl,,,2026-04-01 11:04 UTC
Kojamo,https://kojamo.teamtailor.com,,commoncrawl,,,2026-04-01 11:04 UTC
Ostergotland,https://ostergotland.teamtailor.com,,commoncrawl,,,2026-04-01 11:04 UTC
Lieke,https://lieke.teamtailor.com,,commoncrawl,,,2026-04-01 11:04 UTC
Medicoopfrance 1643303987,https://medicoopfrance-1643303987.teamtailor.com,,commoncrawl,,,2026-04-01 11:04 UTC
Aria Jobs,https://aria-jobs.teamtailor.com,,commoncrawl,,,2026-04-01 11:04 UTC
Blackwingswedenab,https://blackwingswedenab.teamtailor.com,,commoncrawl,,,2026-04-01 11:04 UTC
Silex,https://silex.teamtailor.com,,commoncrawl,,,2026-04-01 11:04 UTC
Multiversecomputing,https://multiversecomputing.teamtailor.com,,commoncrawl,,,2026-04-01 11:04 UTC
Solhaugenomsorg,https://solhaugenomsorg.teamtailor.com,,commoncrawl,,,2026-04-01 11:04 UTC
Duologoy,https://duologoy.teamtailor.com,,commoncrawl,,,2026-04-01 11:04 UTC
Cabaia,https://cabaia.teamtailor.com,,commoncrawl,,,2026-04-01 11:04 UTC
Werkstanorge,https://werkstanorge.teamtailor.com,,commoncrawl,,,2026-04-01 11:04 UTC
Ipfdigital,https://ipfdigital.teamtailor.com,,commoncrawl,,,2026-04-01 11:04 UTC
Dialectsodertalje,https://dialectsodertalje.teamtailor.com,,commoncrawl,,,2026-04-01 11:04 UTC
Harfanglab 1666711819,https://harfanglab-1666711819.teamtailor.com,,commoncrawl,,,2026-04-01 11:04 UTC
Salescollective,https://salescollective.teamtailor.com,,commoncrawl,,,2026-04-01 11:04 UTC
Recruitmentroomltdnew,https://recruitmentroomltdnew.teamtailor.com,,commoncrawl,,,2026-04-01 11:04 UTC
Partseurope 1661956441,https://partseurope-1661956441.teamtailor.com,,commoncrawl,,,2026-04-01 11:04 UTC
Cossystems,https://cossystems.teamtailor.com,,commoncrawl,,,2026-04-01 11:04 UTC
Groupevallee,https://groupevallee.teamtailor.com,,commoncrawl,,,2026-04-01 11:04 UTC
Mks,https://mks.teamtailor.com,,commoncrawl,,,2026-04-01 11:04 UTC
Ghanainternationalbank 1644937212,https://ghanainternationalbank-1644937212.teamtailor.com,,commoncrawl,,,2026-04-01 11:04 UTC
Rehabunited,https://rehabunited.teamtailor.com,,commoncrawl,,,2026-04-01 11:04 UTC
Happii,https://happii.teamtailor.com,,commoncrawl,,,2026-04-01 11:04 UTC
Wallhamn,https://wallhamn.teamtailor.com,,commoncrawl,,,2026-04-01 11:04 UTC
Hear,https://hear.teamtailor.com,,commoncrawl,,,2026-04-01 11:04 UTC
Netendersholding,https://netendersholding.teamtailor.com,,commoncrawl,,,2026-04-01 11:04 UTC
Nexergroup,https://nexergroup.teamtailor.com,,commoncrawl,,,2026-04-01 11:04 UTC
Verifymy,https://verifymy.teamtailor.com,,commoncrawl,,,2026-04-01 11:04 UTC
Agilarbetskraft,https://agilarbetskraft.teamtailor.com,,commoncrawl,,,2026-04-01 11:04 UTC
Sustainx,https://sustainx.teamtailor.com,,commoncrawl,,,2026-04-01 11:04 UTC
Vismaspcs,https://vismaspcs.teamtailor.com,,commoncrawl,,,2026-04-01 11:04 UTC
Spaw,https://spaw.teamtailor.com,,commoncrawl,,,2026-04-01 11:04 UTC
Bezerocarbon,https://bezerocarbon.teamtailor.com,,commoncrawl,,,2026-04-01 11:04 UTC
Skonhetsgruppen,https://skonhetsgruppen.teamtailor.com,,commoncrawl,,,2026-04-01 11:04 UTC
Proactima,https://proactima.teamtailor.com,,commoncrawl,,,2026-04-01 11:04 UTC
Isemaren,https://isemaren.teamtailor.com,,commoncrawl,,,2026-04-01 11:04 UTC
Megablockgaming,https://megablockgaming.teamtailor.com,,commoncrawl,,,2026-04-01 11:04 UTC
Birdlifeinternational,https://birdlifeinternational.teamtailor.com,,commoncrawl,,,2026-04-01 11:04 UTC
Boxflow,https://boxflow.teamtailor.com,,commoncrawl,,,2026-04-01 11:04 UTC
Albertroger 1694432944,https://albertroger-1694432944.teamtailor.com,,commoncrawl,,,2026-04-01 11:04 UTC
Apotea,https://apotea.teamtailor.com,,commoncrawl,,,2026-04-01 11:04 UTC
2020Change,https://2020change.teamtailor.com,,commoncrawl,,,2026-04-01 11:04 UTC
Moleculent 1651476998,https://moleculent-1651476998.teamtailor.com,,commoncrawl,,,2026-04-01 11:04 UTC
Hijadesanchez,https://hijadesanchez.teamtailor.com,,commoncrawl,,,2026-04-01 11:04 UTC
Memira,https://memira.teamtailor.com,,commoncrawl,,,2026-04-01 11:04 UTC
Komdo 1716368492,https://komdo-1716368492.teamtailor.com,,commoncrawl,,,2026-04-01 11:04 UTC
Footasylum,https://footasylum.teamtailor.com,,commoncrawl,,,2026-04-01 11:04 UTC
Pandox Belgium Careers,https://pandox-belgium-careers.teamtailor.com,,commoncrawl,,,2026-04-01 11:04 UTC
Anleggost,https://anleggost.teamtailor.com,,commoncrawl,,,2026-04-01 11:04 UTC
Polypeptidestrasbourg,https://polypeptidestrasbourg.teamtailor.com,,commoncrawl,,,2026-04-01 11:04 UTC
Inrekraft,https://inrekraft.teamtailor.com,,commoncrawl,,,2026-04-01 11:04 UTC
Tussell 1726842126,https://tussell-1726842126.teamtailor.com,,commoncrawl,,,2026-04-01 11:04 UTC
Adnami,https://adnami.teamtailor.com,,commoncrawl,,,2026-04-01 11:04 UTC
Polestar,https://polestar.teamtailor.com,,commoncrawl,,,2026-04-01 11:04 UTC
Teamliquid,https://teamliquid.teamtailor.com,,commoncrawl,,,2026-04-01 11:04 UTC
Choicesearchoy,https://choicesearchoy.teamtailor.com,,commoncrawl,,,2026-04-01 11:04 UTC
Polypeptidesweden,https://polypeptidesweden.teamtailor.com,,commoncrawl,,,2026-04-01 11:04 UTC
Castai,https://castai.teamtailor.com,,commoncrawl,,,2026-04-01 11:04 UTC
Ulricehamnssparbank,https://ulricehamnssparbank.teamtailor.com,,commoncrawl,,,2026-04-01 11:04 UTC
Mestro,https://mestro.teamtailor.com,,commoncrawl,,,2026-04-01 11:04 UTC
Viljaniof,https://viljaniof.teamtailor.com,,commoncrawl,,,2026-04-01 11:04 UTC
Nordiskamuseet,https://nordiskamuseet.teamtailor.com,,commoncrawl,,,2026-04-01 11:04 UTC
Rodekorsiop,https://rodekorsiop.teamtailor.com,,commoncrawl,,,2026-04-01 11:04 UTC
Sparteo,https://sparteo.teamtailor.com,,commoncrawl,,,2026-04-01 11:04 UTC
Svenskavetcareers,https://svenskavetcareers.teamtailor.com,,commoncrawl,,,2026-04-01 11:04 UTC
Hivedhq,https://hivedhq.teamtailor.com,,commoncrawl,,,2026-04-01 11:04 UTC
Fgeinternationalbvfiveguysnetherla,https://fgeinternationalbvfiveguysnetherla.teamtailor.com,,commoncrawl,,,2026-04-01 11:04 UTC
Davidkennedyrecruitment,https://davidkennedyrecruitment.teamtailor.com,,commoncrawl,,,2026-04-01 11:04 UTC
Betterbusiness,https://betterbusiness.teamtailor.com,,commoncrawl,,,2026-04-01 11:04 UTC
Kronus,https://kronus.teamtailor.com,,commoncrawl,,,2026-04-01 11:04 UTC
Stonehaven,https://stonehaven.teamtailor.com,,commoncrawl,,,2026-04-01 11:04 UTC
Tembi,https://tembi.teamtailor.com,,commoncrawl,,,2026-04-01 11:04 UTC
Bricobomba,https://bricobomba.teamtailor.com,,commoncrawl,,,2026-04-01 11:04 UTC
Endivoconsulting,https://endivoconsulting.teamtailor.com,,commoncrawl,,,2026-04-01 11:04 UTC
Jetflite,https://jetflite.teamtailor.com,,commoncrawl,,,2026-04-01 11:04 UTC
Ikue,https://ikue.teamtailor.com,,commoncrawl,,,2026-04-01 11:04 UTC
Lomiagency,https://lomiagency.teamtailor.com,,commoncrawl,,,2026-04-01 11:04 UTC
Mergermany,https://mergermany.teamtailor.com,,commoncrawl,,,2026-04-01 11:04 UTC
Thelegofoundation,https://thelegofoundation.teamtailor.com,,commoncrawl,,,2026-04-01 11:04 UTC
Pspartnerjobs,https://pspartnerjobs.teamtailor.com,,commoncrawl,,,2026-04-01 11:04 UTC
Omnistaff,https://omnistaff.teamtailor.com,,commoncrawl,,,2026-04-01 11:04 UTC
Sessions,https://sessions.teamtailor.com,,commoncrawl,,,2026-04-01 11:04 UTC
Targetitalia,https://targetitalia.teamtailor.com,,commoncrawl,,,2026-04-01 11:04 UTC
Hometreepartner3,https://hometreepartner3.teamtailor.com,,commoncrawl,,,2026-04-01 11:04 UTC
Finres 1708102114,https://finres-1708102114.teamtailor.com,,commoncrawl,,,2026-04-01 11:04 UTC
Turbinen 1656534952,https://turbinen-1656534952.teamtailor.com,,commoncrawl,,,2026-04-01 11:04 UTC
Plint,https://plint.teamtailor.com,,commoncrawl,,,2026-04-01 11:04 UTC
Zocom,https://zocom.teamtailor.com,,commoncrawl,,,2026-04-01 11:04 UTC
Klarnagroup,https://klarnagroup.teamtailor.com,,commoncrawl,,,2026-04-01 11:04 UTC
Sbab,https://sbab.teamtailor.com,,commoncrawl,,,2026-04-01 11:04 UTC
Nortrade,https://nortrade.teamtailor.com,,commoncrawl,,,2026-04-01 11:04 UTC
Atteviks,https://atteviks.teamtailor.com,,commoncrawl,,,2026-04-01 11:04 UTC
Geodata,https://geodata.teamtailor.com,,commoncrawl,,,2026-04-01 11:04 UTC
Bhtsussex 1690276870,https://bhtsussex-1690276870.teamtailor.com,,commoncrawl,,,2026-04-01 11:04 UTC
Innovamat,https://innovamat.teamtailor.com,,commoncrawl,,,2026-04-01 11:04 UTC
Livepeer,https://livepeer.teamtailor.com,,commoncrawl,,,2026-04-01 11:04 UTC
Shotgun,https://shotgun.teamtailor.com,,commoncrawl,,,2026-04-01 11:04 UTC
Voliagency,https://voliagency.teamtailor.com,,commoncrawl,,,2026-04-01 11:04 UTC
Coligoab,https://coligoab.teamtailor.com,,commoncrawl,,,2026-04-01 11:04 UTC
Mymondaysearch,https://mymondaysearch.teamtailor.com,,commoncrawl,,,2026-04-01 11:04 UTC
Wabtec,https://wabtec.teamtailor.com,,commoncrawl,,,2026-04-01 11:04 UTC
Maglegroup,https://maglegroup.teamtailor.com,,commoncrawl,,,2026-04-01 11:04 UTC
Erlangsolutions,https://erlangsolutions.teamtailor.com,,commoncrawl,,,2026-04-01 11:04 UTC
Realpetfoodcompany,https://realpetfoodcompany.teamtailor.com,,commoncrawl,,,2026-04-01 11:04 UTC
Sydgront,https://sydgront.teamtailor.com,,commoncrawl,,,2026-04-01 11:04 UTC
Benefex,https://benefex.teamtailor.com,,commoncrawl,,,2026-04-01 11:04 UTC
Sitowise,https://sitowise.teamtailor.com,,commoncrawl,,,2026-04-01 11:04 UTC
Advisensedenmark,https://advisensedenmark.teamtailor.com,,commoncrawl,,,2026-04-01 11:04 UTC
Ikealithuania,https://ikealithuania.teamtailor.com,,commoncrawl,,,2026-04-01 11:04 UTC
Pinchonationfinland,https://pinchonationfinland.teamtailor.com,,commoncrawl,,,2026-04-01 11:04 UTC
Panduro,https://panduro.teamtailor.com,,commoncrawl,,,2026-04-01 11:04 UTC
Distrokid,https://distrokid.teamtailor.com,,commoncrawl,,,2026-04-01 11:04 UTC
Hembiobutiken,https://hembiobutiken.teamtailor.com,,commoncrawl,,,2026-04-01 11:04 UTC
Siqstaffingsolutiongmbh,https://siqstaffingsolutiongmbh.teamtailor.com,,commoncrawl,,,2026-04-01 11:04 UTC
Engagedhr,https://engagedhr.teamtailor.com,,commoncrawl,,,2026-04-01 11:04 UTC
Headway,https://headway.teamtailor.com,,commoncrawl,,,2026-04-01 11:04 UTC
Dema,https://dema.teamtailor.com,,commoncrawl,,,2026-04-01 11:04 UTC
Docrates,https://docrates.teamtailor.com,,commoncrawl,,,2026-04-01 11:04 UTC
Ethos,https://ethos.teamtailor.com,,commoncrawl,,,2026-04-01 11:04 UTC
Rize 1730897254,https://rize-1730897254.teamtailor.com,,commoncrawl,,,2026-04-01 11:04 UTC
Biotage 1708019070,https://biotage-1708019070.teamtailor.com,,commoncrawl,,,2026-04-01 11:04 UTC
Sparbankenenkoping,https://sparbankenenkoping.teamtailor.com,,commoncrawl,,,2026-04-01 11:04 UTC
Utleiemegleren,https://utleiemegleren.teamtailor.com,,commoncrawl,,,2026-04-01 11:04 UTC
Asapwork,https://asapwork.teamtailor.com,,commoncrawl,,,2026-04-01 11:04 UTC
Cafeyn,https://cafeyn.teamtailor.com,,commoncrawl,,,2026-04-01 11:04 UTC
Eficode,https://eficode.teamtailor.com,,commoncrawl,,,2026-04-01 11:04 UTC
Memobank,https://memobank.teamtailor.com,,commoncrawl,,,2026-04-01 11:04 UTC
Mormorspastabageri,https://mormorspastabageri.teamtailor.com,,commoncrawl,,,2026-04-01 11:04 UTC
Wsa1,https://wsa1.teamtailor.com,,commoncrawl,,,2026-04-01 11:04 UTC
Cardiosignal,https://cardiosignal.teamtailor.com,,commoncrawl,,,2026-04-01 11:04 UTC
Inexcogroupe 1712242485,https://inexcogroupe-1712242485.teamtailor.com,,commoncrawl,,,2026-04-01 11:04 UTC
Lifenorge,https://lifenorge.teamtailor.com,,commoncrawl,,,2026-04-01 11:04 UTC
Keyrusfrance,https://keyrusfrance.teamtailor.com,,commoncrawl,,,2026-04-01 11:04 UTC
Fibio,https://fibio.teamtailor.com,,commoncrawl,,,2026-04-01 11:04 UTC
Skilliooy,https://skilliooy.teamtailor.com,,commoncrawl,,,2026-04-01 11:04 UTC
Aputeam,https://aputeam.teamtailor.com,,commoncrawl,,,2026-04-01 11:04 UTC
Niemibil,https://niemibil.teamtailor.com,,commoncrawl,,,2026-04-01 11:04 UTC
Assistansbolaget,https://assistansbolaget.teamtailor.com,,commoncrawl,,,2026-04-01 11:04 UTC
Mintos,https://mintos.teamtailor.com,,commoncrawl,,,2026-04-01 11:04 UTC
Marstrand,https://marstrand.teamtailor.com,,commoncrawl,,,2026-04-01 11:04 UTC
Urbandeli,https://urbandeli.teamtailor.com,,commoncrawl,,,2026-04-01 11:04 UTC
Kellydelipartnerships 1692187640,https://kellydelipartnerships-1692187640.teamtailor.com,,commoncrawl,,,2026-04-01 11:04 UTC
Doradogames,https://doradogames.teamtailor.com,,commoncrawl,,,2026-04-01 11:04 UTC
Vivant,https://vivant.teamtailor.com,,commoncrawl,,,2026-04-01 11:04 UTC
Stiftelsenmorapark,https://stiftelsenmorapark.teamtailor.com,,commoncrawl,,,2026-04-01 11:04 UTC
Opply 1682428990,https://opply-1682428990.teamtailor.com,,commoncrawl,,,2026-04-01 11:04 UTC
Bluewatergroup,https://bluewatergroup.teamtailor.com,,commoncrawl,,,2026-04-01 11:04 UTC
Sgroupsolutions,https://sgroupsolutions.teamtailor.com,,commoncrawl,,,2026-04-01 11:04 UTC
Porkkanajakeppioy,https://porkkanajakeppioy.teamtailor.com,,commoncrawl,,,2026-04-01 11:04 UTC
Mrwonderfuljobs,https://mrwonderfuljobs.teamtailor.com,,commoncrawl,,,2026-04-01 11:04 UTC
Foodtel,https://foodtel.teamtailor.com,,commoncrawl,,,2026-04-01 11:04 UTC
Gecf,https://gecf.teamtailor.com,,commoncrawl,,,2026-04-01 11:04 UTC
Sproud,https://sproud.teamtailor.com,,commoncrawl,,,2026-04-01 11:04 UTC
Loomisnorge,https://loomisnorge.teamtailor.com,,commoncrawl,,,2026-04-01 11:04 UTC
Lmfrancewkd 1732110446,https://lmfrancewkd-1732110446.teamtailor.com,,commoncrawl,,,2026-04-01 11:04 UTC
Centigo,https://centigo.teamtailor.com,,commoncrawl,,,2026-04-01 11:04 UTC
Smartestenergy,https://smartestenergy.teamtailor.com,,commoncrawl,,,2026-04-01 11:04 UTC
Qubitpharmaceuticals,https://qubitpharmaceuticals.teamtailor.com,,commoncrawl,,,2026-04-01 11:04 UTC
Yogiboost2021,https://yogiboost2021.teamtailor.com,,commoncrawl,,,2026-04-01 11:04 UTC
Sushiyama 1604907184,https://sushiyama-1604907184.teamtailor.com,,commoncrawl,,,2026-04-01 11:04 UTC
Ogilvyparis,https://ogilvyparis.teamtailor.com,,commoncrawl,,,2026-04-01 11:04 UTC
Regate,https://regate.teamtailor.com,,commoncrawl,,,2026-04-01 11:04 UTC
Hirschbednerassociates,https://hirschbednerassociates.teamtailor.com,,commoncrawl,,,2026-04-01 11:04 UTC
Iqm,https://iqm.teamtailor.com,,commoncrawl,,,2026-04-01 11:04 UTC
Theemployeeresiliencecompany,https://theemployeeresiliencecompany.teamtailor.com,,commoncrawl,,,2026-04-01 11:04 UTC
Selectabv,https://selectabv.teamtailor.com,,commoncrawl,,,2026-04-01 11:04 UTC
Vardstyrkan,https://vardstyrkan.teamtailor.com,,commoncrawl,,,2026-04-01 11:04 UTC
Tfbank,https://tfbank.teamtailor.com,,commoncrawl,,,2026-04-01 11:04 UTC
Fastighetsagarnaservice,https://fastighetsagarnaservice.teamtailor.com,,commoncrawl,,,2026-04-01 11:04 UTC
Folketsthlm,https://folketsthlm.teamtailor.com,,commoncrawl,,,2026-04-01 11:04 UTC
Coach4Expats,https://coach4expats.teamtailor.com,,commoncrawl,,,2026-04-01 11:04 UTC
Newgroundalliancebloom,https://newgroundalliancebloom.teamtailor.com,,commoncrawl,,,2026-04-01 11:04 UTC
Preemab,https://preemab.teamtailor.com,,commoncrawl,,,2026-04-01 11:04 UTC
Utec,https://utec.teamtailor.com,,commoncrawl,,,2026-04-01 11:04 UTC
Sportality,https://sportality.teamtailor.com,,commoncrawl,,,2026-04-01 11:04 UTC
Icakvantumsodermalm,https://icakvantumsodermalm.teamtailor.com,,commoncrawl,,,2026-04-01 11:04 UTC
Sydvaranger,https://sydvaranger.teamtailor.com,,commoncrawl,,,2026-04-01 11:04 UTC
Thomashardie,https://thomashardie.teamtailor.com,,commoncrawl,,,2026-04-01 11:04 UTC
Adeoserviceswkd 1732110548,https://adeoserviceswkd-1732110548.teamtailor.com,,commoncrawl,,,2026-04-01 11:04 UTC
Rehabassistans,https://rehabassistans.teamtailor.com,,commoncrawl,,,2026-04-01 11:04 UTC
Holmgrensbil,https://holmgrensbil.teamtailor.com,,commoncrawl,,,2026-04-01 11:04 UTC
Metrodigital,https://metrodigital.teamtailor.com,,commoncrawl,,,2026-04-01 11:04 UTC
Itiviti,https://itiviti.teamtailor.com,,commoncrawl,,,2026-04-01 11:04 UTC
Loopia,https://loopia.teamtailor.com,,commoncrawl,,,2026-04-01 11:04 UTC
Ehartikainenoymaarakennus,https://ehartikainenoymaarakennus.teamtailor.com,,commoncrawl,,,2026-04-01 11:04 UTC
Gire,https://gire.teamtailor.com,,commoncrawl,,,2026-04-01 11:04 UTC
Westerberg,https://westerberg.teamtailor.com,,commoncrawl,,,2026-04-01 11:04 UTC
Sideagroupold,https://sideagroupold.teamtailor.com,,commoncrawl,,,2026-04-01 11:04 UTC
Tractivegmbh,https://tractivegmbh.teamtailor.com,,commoncrawl,,,2026-04-01 11:04 UTC
Salt,https://salt.teamtailor.com,,commoncrawl,,,2026-04-01 11:04 UTC
Rekryteringsgruppen,https://rekryteringsgruppen.teamtailor.com,,commoncrawl,,,2026-04-01 11:04 UTC
Emperor,https://emperor.teamtailor.com,,commoncrawl,,,2026-04-01 11:04 UTC
Hifab,https://hifab.teamtailor.com,,commoncrawl,,,2026-04-01 11:04 UTC
Pinchonationnorway,https://pinchonationnorway.teamtailor.com,,commoncrawl,,,2026-04-01 11:04 UTC
Napierai,https://napierai.teamtailor.com,,commoncrawl,,,2026-04-01 11:04 UTC
Antarosmedical,https://antarosmedical.teamtailor.com,,commoncrawl,,,2026-04-01 11:04 UTC
Teambluefinland,https://teambluefinland.teamtailor.com,,commoncrawl,,,2026-04-01 11:04 UTC
Clientsolutions 1684926203,https://clientsolutions-1684926203.teamtailor.com,,commoncrawl,,,2026-04-01 11:04 UTC
Wecasa 1723208832,https://wecasa-1723208832.teamtailor.com,,commoncrawl,,,2026-04-01 11:04 UTC
Caretobeautylda,https://caretobeautylda.teamtailor.com,,commoncrawl,,,2026-04-01 11:04 UTC
Keskosenukaidigital,https://keskosenukaidigital.teamtailor.com,,commoncrawl,,,2026-04-01 11:04 UTC
Gccbergen 1636464509,https://gccbergen-1636464509.teamtailor.com,,commoncrawl,,,2026-04-01 11:04 UTC
Highsoft,https://highsoft.teamtailor.com,,commoncrawl,,,2026-04-01 11:04 UTC
Sdggroupcareers,https://sdggroupcareers.teamtailor.com,,commoncrawl,,,2026-04-01 11:04 UTC
Attendosverige,https://attendosverige.teamtailor.com,,commoncrawl,,,2026-04-01 11:04 UTC
Spacenk,https://spacenk.teamtailor.com,,commoncrawl,,,2026-04-01 11:04 UTC
Digitalnewagencypolandspzoo,https://digitalnewagencypolandspzoo.teamtailor.com,,commoncrawl,,,2026-04-01 11:04 UTC
Leocare,https://leocare.teamtailor.com,,commoncrawl,,,2026-04-01 11:04 UTC
Altecosystem 1716211711,https://altecosystem-1716211711.teamtailor.com,,commoncrawl,,,2026-04-01 11:04 UTC
Vdh,https://vdh.teamtailor.com,,commoncrawl,,,2026-04-01 11:04 UTC
Kpmgglobalservices,https://kpmgglobalservices.teamtailor.com,,commoncrawl,,,2026-04-01 11:04 UTC
Zangoab,https://zangoab.teamtailor.com,,commoncrawl,,,2026-04-01 11:04 UTC
Scrimba,https://scrimba.teamtailor.com,,commoncrawl,,,2026-04-01 11:04 UTC
Eyesandmoregmbh 1681220218,https://eyesandmoregmbh-1681220218.teamtailor.com,,commoncrawl,,,2026-04-01 11:04 UTC
Itmtanzanialimited,https://itmtanzanialimited.teamtailor.com,,commoncrawl,,,2026-04-01 11:04 UTC
Clavister,https://clavister.teamtailor.com,,commoncrawl,,,2026-04-01 11:04 UTC
Unomio,https://unomio.teamtailor.com,,commoncrawl,,,2026-04-01 11:04 UTC
Suomenrakennuskone,https://suomenrakennuskone.teamtailor.com,,commoncrawl,,,2026-04-01 11:04 UTC
Werkstasweden,https://werkstasweden.teamtailor.com,,commoncrawl,,,2026-04-01 11:04 UTC
Lmspainwkd 1732110570,https://lmspainwkd-1732110570.teamtailor.com,,commoncrawl,,,2026-04-01 11:04 UTC
Clovrlabs,https://clovrlabs.teamtailor.com,,commoncrawl,,,2026-04-01 11:04 UTC
Pedagogiskbemanning,https://pedagogiskbemanning.teamtailor.com,,commoncrawl,,,2026-04-01 11:04 UTC
Tjintokk,https://tjintokk.teamtailor.com,,commoncrawl,,,2026-04-01 11:04 UTC
Tigermilk,https://tigermilk.teamtailor.com,,commoncrawl,,,2026-04-01 11:04 UTC
Secits,https://secits.teamtailor.com,,commoncrawl,,,2026-04-01 11:04 UTC
Empet,https://empet.teamtailor.com,,commoncrawl,,,2026-04-01 11:04 UTC
Leadersromansgroup,https://leadersromansgroup.teamtailor.com,,commoncrawl,,,2026-04-01 11:04 UTC
Assist24Group,https://assist24group.teamtailor.com,,commoncrawl,,,2026-04-01 11:04 UTC
Hobbii,https://hobbii.teamtailor.com,,commoncrawl,,,2026-04-01 11:04 UTC
Brookeharrisonrecruitment,https://brookeharrisonrecruitment.teamtailor.com,,commoncrawl,,,2026-04-01 11:04 UTC
Leroymerlinpoland,https://leroymerlinpoland.teamtailor.com,,commoncrawl,,,2026-04-01 11:04 UTC
Nortonmotorcycles,https://nortonmotorcycles.teamtailor.com,,commoncrawl,,,2026-04-01 11:04 UTC
Balticyachts,https://balticyachts.teamtailor.com,,commoncrawl,,,2026-04-01 11:04 UTC
Varsinaissuomenautocenteroy,https://varsinaissuomenautocenteroy.teamtailor.com,,commoncrawl,,,2026-04-01 11:04 UTC
Teamblueczech,https://teamblueczech.teamtailor.com,,commoncrawl,,,2026-04-01 11:04 UTC
Retail24,https://retail24.teamtailor.com,,commoncrawl,,,2026-04-01 11:04 UTC
Purposefulventures 1727780646,https://purposefulventures-1727780646.teamtailor.com,,commoncrawl,,,2026-04-01 11:04 UTC
Balder,https://balder.teamtailor.com,,commoncrawl,,,2026-04-01 11:04 UTC
Neovici,https://neovici.teamtailor.com,,commoncrawl,,,2026-04-01 11:04 UTC
Bergnaset,https://bergnaset.teamtailor.com,,commoncrawl,,,2026-04-01 11:04 UTC
Court22,https://court22.teamtailor.com,,commoncrawl,,,2026-04-01 11:04 UTC
Amendogroup,https://amendogroup.teamtailor.com,,commoncrawl,,,2026-04-01 11:04 UTC
Humantower,https://humantower.teamtailor.com,,commoncrawl,,,2026-04-01 11:04 UTC
Levelup,https://levelup.teamtailor.com,,commoncrawl,,,2026-04-01 11:04 UTC
Grouponline,https://grouponline.teamtailor.com,,commoncrawl,,,2026-04-01 11:04 UTC
Oralcaregroup,https://oralcaregroup.teamtailor.com,,commoncrawl,,,2026-04-01 11:04 UTC
Loomispay,https://loomispay.teamtailor.com,,commoncrawl,,,2026-04-01 11:04 UTC
Ernstromgruppen,https://ernstromgruppen.teamtailor.com,,commoncrawl,,,2026-04-01 11:04 UTC
Huaweinorway,https://huaweinorway.teamtailor.com,,commoncrawl,,,2026-04-01 11:04 UTC
Isec,https://isec.teamtailor.com,,commoncrawl,,,2026-04-01 11:04 UTC
Sabon,https://sabon.teamtailor.com,,commoncrawl,,,2026-04-01 11:04 UTC
Cdpworldwide,https://cdpworldwide.teamtailor.com,,commoncrawl,,,2026-04-01 11:04 UTC
Vincitusa,https://vincitusa.teamtailor.com,,commoncrawl,,,2026-04-01 11:04 UTC
Hanwag,https://hanwag.teamtailor.com,,commoncrawl,,,2026-04-01 11:04 UTC
Homefurnishingnordic,https://homefurnishingnordic.teamtailor.com,,commoncrawl,,,2026-04-01 11:04 UTC
Etonomyjob,https://etonomyjob.teamtailor.com,,commoncrawl,,,2026-04-01 11:04 UTC
Unsquarelaw 1618314433,https://unsquarelaw-1618314433.teamtailor.com,,commoncrawl,,,2026-04-01 11:04 UTC
Brutfrance,https://brutfrance.teamtailor.com,,commoncrawl,,,2026-04-01 11:04 UTC
Bilvision,https://bilvision.teamtailor.com,,commoncrawl,,,2026-04-01 11:04 UTC
Moskito,https://moskito.teamtailor.com,,commoncrawl,,,2026-04-01 11:04 UTC
Tridentse,https://tridentse.teamtailor.com,,commoncrawl,,,2026-04-01 11:04 UTC
Reelenergy 1727862339,https://reelenergy-1727862339.teamtailor.com,,commoncrawl,,,2026-04-01 11:04 UTC
Semconunitedkingdom,https://semconunitedkingdom.teamtailor.com,,commoncrawl,,,2026-04-01 11:04 UTC
Pret,https://pret.teamtailor.com,,commoncrawl,,,2026-04-01 11:04 UTC
Marcusljung,https://marcusljung.teamtailor.com,,commoncrawl,,,2026-04-01 11:04 UTC
Maklarhuset,https://maklarhuset.teamtailor.com,,commoncrawl,,,2026-04-01 11:04 UTC
Advokatfirmandelphi,https://advokatfirmandelphi.teamtailor.com,,commoncrawl,,,2026-04-01 11:04 UTC
Skillity,https://skillity.teamtailor.com,,commoncrawl,,,2026-04-01 11:04 UTC
Chip,https://chip.teamtailor.com,,commoncrawl,,,2026-04-01 11:04 UTC
Siskonsiivous,https://siskonsiivous.teamtailor.com,,commoncrawl,,,2026-04-01 11:04 UTC
Flowscape,https://flowscape.teamtailor.com,,commoncrawl,,,2026-04-01 11:04 UTC
Octannklinikker,https://octannklinikker.teamtailor.com,,commoncrawl,,,2026-04-01 11:04 UTC
Gattacaplc,https://gattacaplc.teamtailor.com,,commoncrawl,,,2026-04-01 11:04 UTC
Silenteight,https://silenteight.teamtailor.com,,commoncrawl,,,2026-04-01 11:04 UTC
Tripletexas,https://tripletexas.teamtailor.com,,commoncrawl,,,2026-04-01 11:04 UTC
Coriogeneration,https://coriogeneration.teamtailor.com,,commoncrawl,,,2026-04-01 11:04 UTC
Gynea,https://gynea.teamtailor.com,,commoncrawl,,,2026-04-01 11:04 UTC
Ukrainedevs,https://ukrainedevs.teamtailor.com,,commoncrawl,,,2026-04-01 11:04 UTC
Esadefaculty,https://esadefaculty.teamtailor.com,,commoncrawl,,,2026-04-01 11:04 UTC
Kolsquareteamblue,https://kolsquareteamblue.teamtailor.com,,commoncrawl,,,2026-04-01 11:04 UTC
Holidayclub,https://holidayclub.teamtailor.com,,commoncrawl,,,2026-04-01 11:04 UTC
Attendodanmark,https://attendodanmark.teamtailor.com,,commoncrawl,,,2026-04-01 11:04 UTC
Psious,https://psious.teamtailor.com,,commoncrawl,,,2026-04-01 11:04 UTC
Miogruppen,https://miogruppen.teamtailor.com,,commoncrawl,,,2026-04-01 11:04 UTC
Radfieldhomecare,https://radfieldhomecare.teamtailor.com,,commoncrawl,,,2026-04-01 11:04 UTC
Excellerateservices,https://excellerateservices.teamtailor.com,,commoncrawl,,,2026-04-01 11:04 UTC
Gimrobotics,https://gimrobotics.teamtailor.com,,commoncrawl,,,2026-04-01 11:04 UTC
Luleahamn 1695891249,https://luleahamn-1695891249.teamtailor.com,,commoncrawl,,,2026-04-01 11:04 UTC
Rebelbird,https://rebelbird.teamtailor.com,,commoncrawl,,,2026-04-01 11:04 UTC
Estonew,https://estonew.teamtailor.com,,commoncrawl,,,2026-04-01 11:04 UTC
Imcholding,https://imcholding.teamtailor.com,,commoncrawl,,,2026-04-01 11:04 UTC
Virtualteammate 1719208705,https://virtualteammate-1719208705.teamtailor.com,,commoncrawl,,,2026-04-01 11:04 UTC
Teambluehungary,https://teambluehungary.teamtailor.com,,commoncrawl,,,2026-04-01 11:04 UTC
Flanks,https://flanks.teamtailor.com,,commoncrawl,,,2026-04-01 11:04 UTC
Pronails,https://pronails.teamtailor.com,,commoncrawl,,,2026-04-01 11:04 UTC
Berattarministeriet,https://berattarministeriet.teamtailor.com,,commoncrawl,,,2026-04-01 11:04 UTC
Ckw,https://ckw.teamtailor.com,,commoncrawl,,,2026-04-01 11:04 UTC
Iprally,https://iprally.teamtailor.com,,commoncrawl,,,2026-04-01 11:04 UTC
Sweatcoin,https://sweatcoin.teamtailor.com,,commoncrawl,,,2026-04-01 11:04 UTC
Taxually,https://taxually.teamtailor.com,,commoncrawl,,,2026-04-01 11:04 UTC
Atlantiqueautomatismesincendie,https://atlantiqueautomatismesincendie.teamtailor.com,,commoncrawl,,,2026-04-01 11:04 UTC
Interventure,https://interventure.teamtailor.com,,commoncrawl,,,2026-04-01 11:04 UTC
Stbasils,https://stbasils.teamtailor.com,,commoncrawl,,,2026-04-01 11:04 UTC
Sportlotterietmc,https://sportlotterietmc.teamtailor.com,,commoncrawl,,,2026-04-01 11:04 UTC
Thenewjob,https://thenewjob.teamtailor.com,,commoncrawl,,,2026-04-01 11:04 UTC
Cosworth,https://cosworth.teamtailor.com,,commoncrawl,,,2026-04-01 11:04 UTC
Prevaspartnerskap,https://prevaspartnerskap.teamtailor.com,,commoncrawl,,,2026-04-01 11:04 UTC
Easyfairsspain,https://easyfairsspain.teamtailor.com,,commoncrawl,,,2026-04-01 11:04 UTC
Thekitefactory 1690189401,https://thekitefactory-1690189401.teamtailor.com,,commoncrawl,,,2026-04-01 11:04 UTC
Modgroup,https://modgroup.teamtailor.com,,commoncrawl,,,2026-04-01 11:04 UTC
Sperrerekruttering 1662386956,https://sperrerekruttering-1662386956.teamtailor.com,,commoncrawl,,,2026-04-01 11:04 UTC
Addpeople,https://addpeople.teamtailor.com,,commoncrawl,,,2026-04-01 11:04 UTC
Vincitoyj,https://vincitoyj.teamtailor.com,,commoncrawl,,,2026-04-01 11:04 UTC
Omegapointnorge,https://omegapointnorge.teamtailor.com,,commoncrawl,,,2026-04-01 11:04 UTC
Vipo,https://vipo.teamtailor.com,,commoncrawl,,,2026-04-01 11:04 UTC
Activebrands,https://activebrands.teamtailor.com,,commoncrawl,,,2026-04-01 11:04 UTC
Gumtreemotors,https://gumtreemotors.teamtailor.com,,commoncrawl,,,2026-04-01 11:04 UTC
Jungheinrich,https://jungheinrich.teamtailor.com,,commoncrawl,,,2026-04-01 11:04 UTC
Onecomglobal,https://onecomglobal.teamtailor.com,,commoncrawl,,,2026-04-01 11:04 UTC
Ytdvincienergiesafriqueouest,https://ytdvincienergiesafriqueouest.teamtailor.com,,commoncrawl,,,2026-04-01 11:04 UTC
Advenica,https://advenica.teamtailor.com,,commoncrawl,,,2026-04-01 11:04 UTC
Gofastgruppen,https://gofastgruppen.teamtailor.com,,commoncrawl,,,2026-04-01 11:04 UTC
Intility,https://intility.teamtailor.com,,commoncrawl,,,2026-04-01 11:04 UTC
Bontouch,https://bontouch.teamtailor.com,,commoncrawl,,,2026-04-01 11:04 UTC
Sospro,https://sospro.teamtailor.com,,commoncrawl,,,2026-04-01 11:04 UTC
Thrive 1707816126,https://thrive-1707816126.teamtailor.com,,commoncrawl,,,2026-04-01 11:04 UTC
Friendsofeurope 1721722951,https://friendsofeurope-1721722951.teamtailor.com,,commoncrawl,,,2026-04-01 11:04 UTC
Dehistoriske,https://dehistoriske.teamtailor.com,,commoncrawl,,,2026-04-01 11:04 UTC
Poweroffice,https://poweroffice.teamtailor.com,,commoncrawl,,,2026-04-01 11:04 UTC
Webstraining 1725448992,https://webstraining-1725448992.teamtailor.com,,commoncrawl,,,2026-04-01 11:04 UTC
Hybridairvehicleslimited,https://hybridairvehicleslimited.teamtailor.com,,commoncrawl,,,2026-04-01 11:04 UTC
Duett,https://duett.teamtailor.com,,commoncrawl,,,2026-04-01 11:04 UTC
Hexicongroup,https://hexicongroup.teamtailor.com,,commoncrawl,,,2026-04-01 11:04 UTC
Pihr,https://pihr.teamtailor.com,,commoncrawl,,,2026-04-01 11:04 UTC
Dentalbusinessgroup,https://dentalbusinessgroup.teamtailor.com,,commoncrawl,,,2026-04-01 11:04 UTC
Iloq,https://iloq.teamtailor.com,,commoncrawl,,,2026-04-01 11:04 UTC
Santafeinstitute,https://santafeinstitute.teamtailor.com,,commoncrawl,,,2026-04-01 11:04 UTC
Bambuser,https://bambuser.teamtailor.com,,commoncrawl,,,2026-04-01 11:04 UTC
Submitab,https://submitab.teamtailor.com,,commoncrawl,,,2026-04-01 11:04 UTC
Medistaffoydemo 1705407352,https://medistaffoydemo-1705407352.teamtailor.com,,commoncrawl,,,2026-04-01 11:04 UTC
Dreamlit,https://dreamlit.teamtailor.com,,commoncrawl,,,2026-04-01 11:04 UTC
Hometreepartner2,https://hometreepartner2.teamtailor.com,,commoncrawl,,,2026-04-01 11:04 UTC
Cybsafe,https://cybsafe.teamtailor.com,,commoncrawl,,,2026-04-01 11:04 UTC
Sandboxgmg,https://sandboxgmg.teamtailor.com,,commoncrawl,,,2026-04-01 11:04 UTC
Columbusdk,https://columbusdk.teamtailor.com,,commoncrawl,,,2026-04-01 11:04 UTC
Varomtanke 1636017729,https://varomtanke-1636017729.teamtailor.com,,commoncrawl,,,2026-04-01 11:04 UTC
Foolproof,https://foolproof.teamtailor.com,,commoncrawl,,,2026-04-01 11:04 UTC
Instagroup 1713781469,https://instagroup-1713781469.teamtailor.com,,commoncrawl,,,2026-04-01 11:04 UTC
Hedinautomotivebelgium,https://hedinautomotivebelgium.teamtailor.com,,commoncrawl,,,2026-04-01 11:04 UTC
Cigames,https://cigames.teamtailor.com,,commoncrawl,,,2026-04-01 11:04 UTC
Gitguardian,https://gitguardian.teamtailor.com,,commoncrawl,,,2026-04-01 11:04 UTC
Dexiongmbh,https://dexiongmbh.teamtailor.com,,commoncrawl,,,2026-04-01 11:04 UTC
Scientificsolutions,https://scientificsolutions.teamtailor.com,,commoncrawl,,,2026-04-01 11:04 UTC
Marmaladegamestudio 1699882111,https://marmaladegamestudio-1699882111.teamtailor.com,,commoncrawl,,,2026-04-01 11:04 UTC
Talentpeople,https://talentpeople.teamtailor.com,,commoncrawl,,,2026-04-01 11:04 UTC
Toblor,https://toblor.teamtailor.com,,commoncrawl,,,2026-04-01 11:04 UTC
Bergehus,https://bergehus.teamtailor.com,,commoncrawl,,,2026-04-01 11:04 UTC
Recruitc,https://recruitc.teamtailor.com,,commoncrawl,,,2026-04-01 11:04 UTC
Stellaire,https://stellaire.teamtailor.com,,commoncrawl,,,2026-04-01 11:04 UTC
Focaldata,https://focaldata.teamtailor.com,,commoncrawl,,,2026-04-01 11:04 UTC
Vidoori,https://vidoori.teamtailor.com,,commoncrawl,,,2026-04-01 11:04 UTC
Mdpipoland,https://mdpipoland.teamtailor.com,,commoncrawl,,,2026-04-01 11:04 UTC
Heroldat,https://heroldat.teamtailor.com,,commoncrawl,,,2026-04-01 11:04 UTC
Zaibatsuinteractiveoy,https://zaibatsuinteractiveoy.teamtailor.com,,commoncrawl,,,2026-04-01 11:04 UTC
Cewe,https://cewe.teamtailor.com,,commoncrawl,,,2026-04-01 11:04 UTC
Parkster,https://parkster.teamtailor.com,,commoncrawl,,,2026-04-01 11:04 UTC
Humblegrape,https://humblegrape.teamtailor.com,,commoncrawl,,,2026-04-01 11:04 UTC
Tradingview,https://tradingview.teamtailor.com,,commoncrawl,,,2026-04-01 11:04 UTC
Reliefed 1633355409,https://reliefed-1633355409.teamtailor.com,,commoncrawl,,,2026-04-01 11:04 UTC
Hammarskiold,https://hammarskiold.teamtailor.com,,commoncrawl,,,2026-04-01 11:04 UTC
Solidgate,https://solidgate.teamtailor.com,,commoncrawl,,,2026-04-01 11:04 UTC
Zample,https://zample.teamtailor.com,,commoncrawl,,,2026-04-01 11:04 UTC
Ravenpack,https://ravenpack.teamtailor.com,,commoncrawl,,,2026-04-01 11:04 UTC
Jemcoexecutive,https://jemcoexecutive.teamtailor.com,,commoncrawl,,,2026-04-01 11:04 UTC
Visere,https://visere.teamtailor.com,,commoncrawl,,,2026-04-01 11:04 UTC
Spoonas,https://spoonas.teamtailor.com,,commoncrawl,,,2026-04-01 11:04 UTC
Yego,https://yego.teamtailor.com,,commoncrawl,,,2026-04-01 11:04 UTC
Remoterecruitment,https://remoterecruitment.teamtailor.com,,commoncrawl,,,2026-04-01 11:04 UTC
Showcase,https://showcase.teamtailor.com,,commoncrawl,,,2026-04-01 11:04 UTC
Okorad,https://okorad.teamtailor.com,,commoncrawl,,,2026-04-01 11:04 UTC
Defenceposition,https://defenceposition.teamtailor.com,,commoncrawl,,,2026-04-01 11:04 UTC
Perkboxvivup,https://perkboxvivup.teamtailor.com,,commoncrawl,,,2026-04-01 11:04 UTC
Montessoriforderkreisnurnbergev,https://montessoriforderkreisnurnbergev.teamtailor.com,,commoncrawl,,,2026-04-01 11:04 UTC
Advisensegermany,https://advisensegermany.teamtailor.com,,commoncrawl,,,2026-04-01 11:04 UTC
Starship,https://starship.teamtailor.com,,commoncrawl,,,2026-04-01 11:04 UTC
Huaweifinland,https://huaweifinland.teamtailor.com,,commoncrawl,,,2026-04-01 11:04 UTC
Kuraomsorg,https://kuraomsorg.teamtailor.com,,commoncrawl,,,2026-04-01 11:04 UTC
Nhood 1690550646,https://nhood-1690550646.teamtailor.com,,commoncrawl,,,2026-04-01 11:04 UTC
Vismalatvia,https://vismalatvia.teamtailor.com,,commoncrawl,,,2026-04-01 11:04 UTC
Sarawakfrance,https://sarawakfrance.teamtailor.com,,commoncrawl,,,2026-04-01 11:04 UTC
Formulae,https://formulae.teamtailor.com,,commoncrawl,,,2026-04-01 11:04 UTC
Keskosenukailithuania,https://keskosenukailithuania.teamtailor.com,,commoncrawl,,,2026-04-01 11:04 UTC
Amazinghr,https://amazinghr.teamtailor.com,,commoncrawl,,,2026-04-01 11:04 UTC
Aebr,https://aebr.teamtailor.com,,commoncrawl,,,2026-04-01 11:04 UTC
Cginorge,https://cginorge.teamtailor.com,,commoncrawl,,,2026-04-01 11:04 UTC
Creocenter,https://creocenter.teamtailor.com,,commoncrawl,,,2026-04-01 11:04 UTC
Kaminvarme 1694761839,https://kaminvarme-1694761839.teamtailor.com,,commoncrawl,,,2026-04-01 11:04 UTC
Evoressources,https://evoressources.teamtailor.com,,commoncrawl,,,2026-04-01 11:04 UTC
Edzagroup,https://edzagroup.teamtailor.com,,commoncrawl,,,2026-04-01 11:04 UTC
Evrocab 1692891239,https://evrocab-1692891239.teamtailor.com,,commoncrawl,,,2026-04-01 11:04 UTC
Johnsenrekruttering 1724310330,https://johnsenrekruttering-1724310330.teamtailor.com,,commoncrawl,,,2026-04-01 11:04 UTC
Trafiko,https://trafiko.teamtailor.com,,commoncrawl,,,2026-04-01 11:04 UTC
Grupobinternational,https://grupobinternational.teamtailor.com,,commoncrawl,,,2026-04-01 11:04 UTC
Erstadiakoni,https://erstadiakoni.teamtailor.com,,commoncrawl,,,2026-04-01 11:04 UTC
Breathebatterytechnologies,https://breathebatterytechnologies.teamtailor.com,,commoncrawl,,,2026-04-01 11:04 UTC
Grouponede,https://grouponede.teamtailor.com,,commoncrawl,,,2026-04-01 11:04 UTC
Interfacefinancial,https://interfacefinancial.teamtailor.com,,commoncrawl,,,2026-04-01 11:04 UTC
Jordbaerpikene,https://jordbaerpikene.teamtailor.com,,commoncrawl,,,2026-04-01 11:04 UTC
Stardust,https://stardust.teamtailor.com,,commoncrawl,,,2026-04-01 11:04 UTC
Humanaespana,https://humanaespana.teamtailor.com,,commoncrawl,,,2026-04-01 11:04 UTC
Xataio 1680192386,https://xataio-1680192386.teamtailor.com,,commoncrawl,,,2026-04-01 11:04 UTC
Agimamanagementab,https://agimamanagementab.teamtailor.com,,commoncrawl,,,2026-04-01 11:04 UTC
Eiropersonals,https://eiropersonals.teamtailor.com,,commoncrawl,,,2026-04-01 11:04 UTC
Echoanalytics,https://echoanalytics.teamtailor.com,,commoncrawl,,,2026-04-01 11:04 UTC
Sybo,https://sybo.teamtailor.com,,commoncrawl,,,2026-04-01 11:04 UTC
Endel,https://endel.teamtailor.com,,commoncrawl,,,2026-04-01 11:04 UTC
Tmforum 1690453371,https://tmforum-1690453371.teamtailor.com,,commoncrawl,,,2026-04-01 11:04 UTC
Sbinsight 1671108700,https://sbinsight-1671108700.teamtailor.com,,commoncrawl,,,2026-04-01 11:04 UTC
Superhosting,https://superhosting.teamtailor.com,,commoncrawl,,,2026-04-01 11:04 UTC
Vismacc,https://vismacc.teamtailor.com,,commoncrawl,,,2026-04-01 11:04 UTC
Saka,https://saka.teamtailor.com,,commoncrawl,,,2026-04-01 11:04 UTC
Diaceutics 1692002119,https://diaceutics-1692002119.teamtailor.com,,commoncrawl,,,2026-04-01 11:04 UTC
Testgorilla 1680540968,https://testgorilla-1680540968.teamtailor.com,,commoncrawl,,,2026-04-01 11:04 UTC
Krak,https://krak.teamtailor.com,,commoncrawl,,,2026-04-01 11:04 UTC
Bayernordic,https://bayernordic.teamtailor.com,,commoncrawl,,,2026-04-01 11:04 UTC
Lindstromsbil,https://lindstromsbil.teamtailor.com,,commoncrawl,,,2026-04-01 11:04 UTC
Centio,https://centio.teamtailor.com,,commoncrawl,,,2026-04-01 11:04 UTC
Frodinge,https://frodinge.teamtailor.com,,commoncrawl,,,2026-04-01 11:04 UTC
Horse,https://horse.teamtailor.com,,commoncrawl,,,2026-04-01 11:04 UTC
Metanet,https://metanet.teamtailor.com,,commoncrawl,,,2026-04-01 11:04 UTC
Realtainment,https://realtainment.teamtailor.com,,commoncrawl,,,2026-04-01 11:04 UTC
Epidemic Sound,https://epidemic-sound.teamtailor.com,,commoncrawl,,,2026-04-01 11:04 UTC
Veoneercareers,https://veoneercareers.teamtailor.com,,commoncrawl,,,2026-04-01 11:04 UTC
Workationgroup,https://workationgroup.teamtailor.com,,commoncrawl,,,2026-04-01 11:04 UTC
Qualisflow,https://qualisflow.teamtailor.com,,commoncrawl,,,2026-04-01 11:04 UTC
Stiltz 1706106824,https://stiltz-1706106824.teamtailor.com,,commoncrawl,,,2026-04-01 11:04 UTC
Veteranpoolenkarriar,https://veteranpoolenkarriar.teamtailor.com,,commoncrawl,,,2026-04-01 11:04 UTC
Searchproject,https://searchproject.teamtailor.com,,commoncrawl,,,2026-04-01 11:04 UTC
Staysuregroup,https://staysuregroup.teamtailor.com,,commoncrawl,,,2026-04-01 11:04 UTC
Breakit,https://breakit.teamtailor.com,,commoncrawl,,,2026-04-01 11:04 UTC
Toyotafinancialservices,https://toyotafinancialservices.teamtailor.com,,commoncrawl,,,2026-04-01 11:04 UTC
Sokin,https://sokin.teamtailor.com,,commoncrawl,,,2026-04-01 11:04 UTC
Pinkinternetgmbh,https://pinkinternetgmbh.teamtailor.com,,commoncrawl,,,2026-04-01 11:04 UTC
Thecrownestate,https://thecrownestate.teamtailor.com,,commoncrawl,,,2026-04-01 11:04 UTC
Ravintolabackas,https://ravintolabackas.teamtailor.com,,commoncrawl,,,2026-04-01 11:04 UTC
Outfitterygmbh,https://outfitterygmbh.teamtailor.com,,commoncrawl,,,2026-04-01 11:04 UTC
Concitoconsulting,https://concitoconsulting.teamtailor.com,,commoncrawl,,,2026-04-01 11:04 UTC
Prosak,https://prosak.teamtailor.com,,commoncrawl,,,2026-04-01 11:04 UTC
Bookersgroup,https://bookersgroup.teamtailor.com,,commoncrawl,,,2026-04-01 11:04 UTC
Bankgirotab,https://bankgirotab.teamtailor.com,,commoncrawl,,,2026-04-01 11:04 UTC
Norrskenlauncher,https://norrskenlauncher.teamtailor.com,,commoncrawl,,,2026-04-01 11:04 UTC
Recruitas,https://recruitas.teamtailor.com,,commoncrawl,,,2026-04-01 11:04 UTC
Ikonscience,https://ikonscience.teamtailor.com,,commoncrawl,,,2026-04-01 11:04 UTC
Curifylabs,https://curifylabs.teamtailor.com,,commoncrawl,,,2026-04-01 11:04 UTC
Ltcc,https://ltcc.teamtailor.com,,commoncrawl,,,2026-04-01 11:04 UTC
Nyakompisbyran,https://nyakompisbyran.teamtailor.com,,commoncrawl,,,2026-04-01 11:04 UTC
Teamlewis,https://teamlewis.teamtailor.com,,commoncrawl,,,2026-04-01 11:04 UTC
Tadlockroofing,https://tadlockroofing.teamtailor.com,,commoncrawl,,,2026-04-01 11:04 UTC
Densiqgroup,https://densiqgroup.teamtailor.com,,commoncrawl,,,2026-04-01 11:04 UTC
Eniro,https://eniro.teamtailor.com,,commoncrawl,,,2026-04-01 11:04 UTC
Unikalss,https://unikalss.teamtailor.com,,commoncrawl,,,2026-04-01 11:04 UTC
Barbri,https://barbri.teamtailor.com,,commoncrawl,,,2026-04-01 11:04 UTC
Adviserpartner,https://adviserpartner.teamtailor.com,,commoncrawl,,,2026-04-01 11:04 UTC
Predgeab,https://predgeab.teamtailor.com,,commoncrawl,,,2026-04-01 11:04 UTC
Enfuceoy,https://enfuceoy.teamtailor.com,,commoncrawl,,,2026-04-01 11:04 UTC
Toimistomummola,https://toimistomummola.teamtailor.com,,commoncrawl,,,2026-04-01 11:04 UTC
Aritmaas,https://aritmaas.teamtailor.com,,commoncrawl,,,2026-04-01 11:04 UTC
Kyro,https://kyro.teamtailor.com,,commoncrawl,,,2026-04-01 11:04 UTC
Funmed,https://funmed.teamtailor.com,,commoncrawl,,,2026-04-01 11:04 UTC
Hanburystrategy,https://hanburystrategy.teamtailor.com,,commoncrawl,,,2026-04-01 11:04 UTC
Quicke,https://quicke.teamtailor.com,,commoncrawl,,,2026-04-01 11:04 UTC
Waylandadditive,https://waylandadditive.teamtailor.com,,commoncrawl,,,2026-04-01 11:04 UTC
Tribebuilders,https://tribebuilders.teamtailor.com,,commoncrawl,,,2026-04-01 11:04 UTC
Auxilirecab,https://auxilirecab.teamtailor.com,,commoncrawl,,,2026-04-01 11:04 UTC
Psykologpartners,https://psykologpartners.teamtailor.com,,commoncrawl,,,2026-04-01 11:04 UTC
Eskeribericasl,https://eskeribericasl.teamtailor.com,,commoncrawl,,,2026-04-01 11:04 UTC
Kustom,https://kustom.teamtailor.com,,commoncrawl,,,2026-04-01 11:04 UTC
Smi 1706112982,https://smi-1706112982.teamtailor.com,,commoncrawl,,,2026-04-01 11:04 UTC
Hypergene,https://hypergene.teamtailor.com,,commoncrawl,,,2026-04-01 11:04 UTC
Sustainablepeople,https://sustainablepeople.teamtailor.com,,commoncrawl,,,2026-04-01 11:04 UTC
Fairgroup,https://fairgroup.teamtailor.com,,commoncrawl,,,2026-04-01 11:04 UTC
Oakconsulting,https://oakconsulting.teamtailor.com,,commoncrawl,,,2026-04-01 11:04 UTC
Asklocala 1671530238,https://asklocala-1671530238.teamtailor.com,,commoncrawl,,,2026-04-01 11:04 UTC
Rora,https://rora.teamtailor.com,,commoncrawl,,,2026-04-01 11:04 UTC
Haegercarlsson,https://haegercarlsson.teamtailor.com,,commoncrawl,,,2026-04-01 11:04 UTC
Convotisiberia,https://convotisiberia.teamtailor.com,,commoncrawl,,,2026-04-01 11:04 UTC
Soeur 1711354805,https://soeur-1711354805.teamtailor.com,,commoncrawl,,,2026-04-01 11:04 UTC
Saasglobal,https://saasglobal.teamtailor.com,,commoncrawl,,,2026-04-01 11:04 UTC
Vertofx,https://vertofx.teamtailor.com,,commoncrawl,,,2026-04-01 11:04 UTC
Saltyco 1645107926,https://saltyco-1645107926.teamtailor.com,,commoncrawl,,,2026-04-01 11:04 UTC
Aleanzarecrutementdurable,https://aleanzarecrutementdurable.teamtailor.com,,commoncrawl,,,2026-04-01 11:04 UTC
Bunnynet,https://bunnynet.teamtailor.com,,commoncrawl,,,2026-04-01 11:04 UTC
Trecom,https://trecom.teamtailor.com,,commoncrawl,,,2026-04-01 11:04 UTC
Ptmitraboboboxindonesia,https://ptmitraboboboxindonesia.teamtailor.com,,commoncrawl,,,2026-04-01 11:04 UTC
Surplusmap,https://surplusmap.teamtailor.com,,commoncrawl,,,2026-04-01 11:04 UTC
Qbdbv,https://qbdbv.teamtailor.com,,commoncrawl,,,2026-04-01 11:04 UTC
Reperiosearch,https://reperiosearch.teamtailor.com,,commoncrawl,,,2026-04-01 11:04 UTC
Worklib,https://worklib.teamtailor.com,,commoncrawl,,,2026-04-01 11:04 UTC
Foodstock,https://foodstock.teamtailor.com,,commoncrawl,,,2026-04-01 11:04 UTC
Ecobase Earth,https://ecobase-earth.teamtailor.com,,commoncrawl,,,2026-04-01 11:04 UTC
Eskerfrance,https://eskerfrance.teamtailor.com,,commoncrawl,,,2026-04-01 11:04 UTC
Dignify,https://dignify.teamtailor.com,,commoncrawl,,,2026-04-01 11:04 UTC
Polipaksgroup,https://polipaksgroup.teamtailor.com,,commoncrawl,,,2026-04-01 11:04 UTC
Westfallarsen,https://westfallarsen.teamtailor.com,,commoncrawl,,,2026-04-01 11:04 UTC
Qualacompany,https://qualacompany.teamtailor.com,,commoncrawl,,,2026-04-01 11:04 UTC
Cozero,https://cozero.teamtailor.com,,commoncrawl,,,2026-04-01 11:04 UTC
Vavato,https://vavato.teamtailor.com,,commoncrawl,,,2026-04-01 11:04 UTC
Proactivesoftwarenederlandbv,https://proactivesoftwarenederlandbv.teamtailor.com,,commoncrawl,,,2026-04-01 11:04 UTC
Forenadecare,https://forenadecare.teamtailor.com,,commoncrawl,,,2026-04-01 11:04 UTC
Kardham,https://kardham.teamtailor.com,,commoncrawl,,,2026-04-01 11:04 UTC
Insitepartab,https://insitepartab.teamtailor.com,,commoncrawl,,,2026-04-01 11:04 UTC
Saasteamblue,https://saasteamblue.teamtailor.com,,commoncrawl,,,2026-04-01 11:04 UTC
Xxlnorge,https://xxlnorge.teamtailor.com,,commoncrawl,,,2026-04-01 11:04 UTC
Drpg,https://drpg.teamtailor.com,,commoncrawl,,,2026-04-01 11:04 UTC
Influencepeopleswedenab,https://influencepeopleswedenab.teamtailor.com,,commoncrawl,,,2026-04-01 11:04 UTC
Parksterab,https://parksterab.teamtailor.com,,commoncrawl,,,2026-04-01 11:04 UTC
Fugafamily,https://fugafamily.teamtailor.com,,commoncrawl,,,2026-04-01 11:04 UTC
Medley,https://medley.teamtailor.com,,commoncrawl,,,2026-04-01 11:04 UTC
Benefiz,https://benefiz.teamtailor.com,,commoncrawl,,,2026-04-01 11:04 UTC
Qureosltd,https://qureosltd.teamtailor.com,,commoncrawl,,,2026-04-01 11:04 UTC
Rpcpartners,https://rpcpartners.teamtailor.com,,commoncrawl,,,2026-04-01 11:04 UTC
Sleepcycleab,https://sleepcycleab.teamtailor.com,,commoncrawl,,,2026-04-01 11:04 UTC
Investor,https://investor.teamtailor.com,,commoncrawl,,,2026-04-01 11:04 UTC
Tacting,https://tacting.teamtailor.com,,commoncrawl,,,2026-04-01 11:04 UTC
Vardaga,https://vardaga.teamtailor.com,,commoncrawl,,,2026-04-01 11:04 UTC
Opusdental,https://opusdental.teamtailor.com,,commoncrawl,,,2026-04-01 11:04 UTC
Airtificial,https://airtificial.teamtailor.com,,commoncrawl,,,2026-04-01 11:04 UTC
Vismaflytas,https://vismaflytas.teamtailor.com,,commoncrawl,,,2026-04-01 11:04 UTC
Crozz 1725020028,https://crozz-1725020028.teamtailor.com,,commoncrawl,,,2026-04-01 11:04 UTC
Sweep,https://sweep.teamtailor.com,,commoncrawl,,,2026-04-01 11:04 UTC
Huawei,https://huawei.teamtailor.com,,commoncrawl,,,2026-04-01 11:04 UTC
Alterneo,https://alterneo.teamtailor.com,,commoncrawl,,,2026-04-01 11:04 UTC
Elunic,https://elunic.teamtailor.com,,commoncrawl,,,2026-04-01 11:04 UTC
Avarda,https://avarda.teamtailor.com,,commoncrawl,,,2026-04-01 11:04 UTC
Dramaten 1712748851,https://dramaten-1712748851.teamtailor.com,,commoncrawl,,,2026-04-01 11:04 UTC
Ecostor,https://ecostor.teamtailor.com,,commoncrawl,,,2026-04-01 11:04 UTC
Appfarm,https://appfarm.teamtailor.com,,commoncrawl,,,2026-04-01 11:04 UTC
